arg-id,comment-id
A321_0,321
A321_1,321
A341_0,341
A341_1,341
A341_2,341
A340_0,340
A339_0,339
A338_0,338
A337_0,337
A336_0,336
A336_1,336
A335_0,335
A334_0,334
A333_0,333
A332_0,332
A332_1,332
A331_0,331
A331_1,331
A330_0,330
A330_1,330
A329_0,329
A328_0,328
A327_0,327
A326_0,326
A325_0,325
A323_0,323
A322_0,322
A322_1,322
A295_0,295
A320_0,320
A319_0,319
A318_0,318
A318_1,318
A317_0,317
A317_1,317
A317_2,317
A316_0,316
A316_1,316
A307_0,307
A297_0,297
A294_0,294
A293_0,293
A292_0,292
A291_0,291
A289_0,289
A288_0,288
A287_0,287
A286_0,286
A286_1,286
A284_0,284
A283_0,283
A282_0,282
A281_0,281
A281_1,281
A280_0,280
A279_0,279
A279_1,279
A278_0,278
A278_1,278
A278_2,278
A277_0,277
A277_1,277
A276_0,276
A204_0,204
A206_0,206
A242_0,242
A244_0,244
A275_0,275
A273_0,273
A273_1,273
A272_0,272
A271_0,271
A270_0,270
A269_0,269
A268_0,268
A268_1,268
A267_0,267
A267_1,267
A265_0,265
A265_1,265
A264_0,264
A263_0,263
A262_0,262
A260_0,260
A260_1,260
A259_0,259
A259_1,259
A258_0,258
A257_0,257
A256_0,256
A256_1,256
A255_0,255
A254_0,254
A253_0,253
A252_0,252
A251_0,251
A250_0,250
A249_0,249
A249_1,249
A248_0,248
A247_0,247
A247_1,247
A246_0,246
A245_0,245
A240_0,240
A239_0,239
A237_0,237
A236_0,236
A236_1,236
A235_0,235
A235_1,235
A235_2,235
A234_0,234
A234_1,234
A233_0,233
A233_1,233
A231_0,231
A230_0,230
A229_0,229
A228_0,228
A227_0,227
A227_1,227
A226_0,226
A226_1,226
A225_0,225
A224_0,224
A223_0,223
A223_1,223
A221_0,221
A221_1,221
A220_0,220
A219_0,219
A218_0,218
A216_0,216
A214_0,214
A213_0,213
A212_0,212
A210_0,210
A209_0,209
A208_0,208
A207_0,207
A205_0,205
A203_0,203
A203_1,203
A202_0,202
A201_0,201
A201_1,201
A201_2,201
A199_0,199
A198_0,198
A197_0,197
A196_0,196
A196_1,196
A195_0,195
A194_0,194
A193_0,193
A192_0,192
A191_0,191
A190_0,190
A189_0,189
A188_0,188
A187_0,187
A186_0,186
A186_1,186
A185_0,185
A184_0,184
A184_1,184
A183_0,183
A183_1,183
A182_0,182
A182_1,182
A180_0,180
A180_1,180
A181_0,181
A179_0,179
A179_1,179
A178_0,178
A177_0,177
A176_0,176
A176_1,176
A176_2,176
A175_0,175
A174_0,174
A173_0,173
A152_0,152
A152_1,152
A152_2,152
A172_0,172
A172_1,172
A172_2,172
A171_0,171
A171_1,171
A170_0,170
A170_1,170
A168_0,168
A168_1,168
A167_0,167
A166_0,166
A166_1,166
A120_0,120
A120_1,120
A120_2,120
A120_3,120
A165_0,165
A165_1,165
A164_0,164
A137_0,137
A137_1,137
A151_0,151
A151_1,151
A153_0,153
A159_0,159
A160_0,160
A163_0,163
A163_1,163
A162_0,162
A161_0,161
A161_1,161
A158_0,158
A157_0,157
A156_0,156
A156_1,156
A154_0,154
A154_1,154
A154_2,154
A150_0,150
A149_0,149
A149_1,149
A147_0,147
A146_0,146
A145_0,145
A176_1,145
A145_2,145
A144_0,144
